date,act_symbol,expiration,strike,call_put,bid,ask,vol,delta,gamma,theta,vega,rho
2025-04-18,AAPL,2025-05-02,160.00,Call,37.30,38.15,0.6491,0.9520,0.0039,-0.1179,0.0404,0.0614
2025-04-18,AAPL,2025-05-02,160.00,Put,0.52,0.56,0.6456,-0.0480,0.0038,-0.0839,0.0398,-0.0041
2025-04-18,AAPL,2025-05-02,165.00,Call,32.60,33.35,0.6204,0.9317,0.0053,-0.1401,0.0531,0.0617
2025-04-18,AAPL,2025-05-02,165.00,Put,0.75,0.79,0.6172,-0.0676,0.0053,-0.1047,0.0522,-0.0057
2025-04-18,AAPL,2025-05-02,172.50,Call,25.75,26.30,0.5749,0.8873,0.0083,-0.1765,0.0767,0.0610
2025-04-18,AAPL,2025-05-02,172.50,Put,1.29,1.35,0.5731,-0.1128,0.0084,-0.1423,0.0747,-0.0090
2025-04-18,AAPL,2025-05-02,177.50,Call,21.55,21.90,0.5606,0.8384,0.0110,-0.2114,0.0980,0.0588
2025-04-18,AAPL,2025-05-02,177.50,Put,1.86,1.96,0.5484,-0.1580,0.0111,-0.1709,0.0941,-0.0125
2025-04-18,AAPL,2025-05-02,180.00,Call,19.45,19.70,0.5351,0.8176,0.0124,-0.2177,0.1059,0.0580
2025-04-18,AAPL,2025-05-02,180.00,Put,2.23,2.33,0.5353,-0.1854,0.0126,-0.1843,0.1040,-0.0146
2025-04-18,AAPL,2025-05-02,185.00,Call,15.40,15.60,0.5152,0.7478,0.0155,-0.2447,0.1275,0.0540
2025-04-18,AAPL,2025-05-02,185.00,Put,3.20,3.30,0.5115,-0.2526,0.0157,-0.2093,0.1304,-0.0196
2025-04-18,AAPL,2025-05-02,190.00,Call,11.70,11.90,0.4898,0.6656,0.0186,-0.2604,0.1454,0.0489
2025-04-18,AAPL,2025-05-02,190.00,Put,4.50,4.60,0.4890,-0.3345,0.0188,-0.2258,0.1455,-0.0254
2025-04-18,AAPL,2025-05-02,192.50,Call,10.15,10.30,0.4802,0.6204,0.0199,-0.2657,0.1520,0.0459
2025-04-18,AAPL,2025-05-02,192.50,Put,5.35,5.45,0.4769,-0.3845,0.0203,-0.2302,0.1515,-0.0289
2025-04-18,AAPL,2025-05-02,197.50,Call,7.05,7.25,0.4571,0.5132,0.0219,-0.2604,0.1591,0.0385
2025-04-18,AAPL,2025-05-02,197.50,Put,7.30,7.45,0.4555,-0.4885,0.0222,-0.2259,0.1591,-0.0353
2025-04-18,AAPL,2025-05-02,200.00,Call,5.80,5.95,0.4473,0.4574,0.0222,-0.2521,0.1582,0.0345
2025-04-18,AAPL,2025-05-02,200.00,Put,8.45,8.85,0.4452,-0.5480,0.0227,-0.2177,0.1588,-0.0387
2025-04-18,AAPL,2025-05-02,205.00,Call,3.55,3.85,0.4247,0.3429,0.0217,-0.2198,0.1466,0.0262
2025-04-18,AAPL,2025-05-02,205.00,Put,11.35,11.55,0.4247,-0.6619,0.0222,-0.1866,0.1474,-0.0436
2025-04-18,AAPL,2025-05-02,210.00,Call,2.18,2.32,0.4143,0.2407,0.0188,-0.1801,0.1242,0.0185
2025-04-18,AAPL,2025-05-02,210.00,Put,14.75,15.10,0.3994,-0.7790,0.0198,-0.1369,0.1187,-0.0452
2025-04-18,AAPL,2025-05-02,212.50,Call,1.67,1.74,0.4069,0.1965,0.0170,-0.1572,0.1105,0.0151
2025-04-18,AAPL,2025-05-02,212.50,Put,16.65,17.40,0.4038,-0.8194,0.0176,-0.1204,0.1041,-0.0446
2025-04-18,AAPL,2025-05-02,217.50,Call,0.92,0.98,0.4008,0.1241,0.0128,-0.1138,0.0817,0.0096
2025-04-18,AAPL,2025-05-02,217.50,Put,20.35,21.90,0.3647,-0.9195,0.0129,-0.0551,0.0599,-0.0338
2025-04-18,AAPL,2025-05-02,220.00,Call,0.69,0.72,0.3999,0.0970,0.0107,-0.0949,0.0685,0.0075
2025-04-18,AAPL,2025-05-02,220.00,Put,23.10,23.75,0.3761,-0.9374,0.0111,-0.0452,0.0495,-0.0298
2025-04-18,AAPL,2025-05-02,225.00,Call,0.38,0.42,0.4056,0.0593,0.0073,-0.0658,0.0471,0.0046
2025-04-18,AAPL,2025-05-02,225.00,Put,27.55,28.75,0.4056,-0.9609,0.0081,-0.0320,0.0333,-0.0236
2025-04-18,AAPL,2025-05-02,230.00,Call,0.23,0.25,0.4140,0.0374,0.0049,-0.0463,0.0325,0.0029
2025-04-18,AAPL,2025-05-02,230.00,Put,31.80,33.70,0.4154,-0.9854,0.0057,-0.0127,0.0156,-0.0102
2025-04-18,AAPL,2025-05-02,235.00,Call,0.14,0.15,0.4256,0.0234,0.0032,-0.0322,0.0221,0.0018
2025-04-18,AAPL,2025-05-02,235.00,Put,36.65,38.55,0.4256,-0.9992,0.0015,0.0000,0.0000,0.0000
2025-04-18,AAPL,2025-05-16,160.00,Call,38.25,38.85,0.5714,0.9165,0.0048,-0.0980,0.0848,0.1126
2025-04-18,AAPL,2025-05-16,160.00,Put,1.19,1.22,0.5619,-0.0799,0.0047,-0.0780,0.0824,-0.0134
2025-04-18,AAPL,2025-05-16,165.00,Call,33.75,34.10,0.5437,0.8933,0.0060,-0.1099,0.1017,0.1127
2025-04-18,AAPL,2025-05-16,165.00,Put,1.56,1.63,0.5382,-0.1045,0.0061,-0.0910,0.1013,-0.0164
2025-04-18,AAPL,2025-05-16,170.00,Call,29.15,29.55,0.5158,0.8639,0.0076,-0.1236,0.1209,0.1116
2025-04-18,AAPL,2025-05-16,170.00,Put,2.09,2.15,0.5173,-0.1365,0.0076,-0.1054,0.1274,-0.0212
2025-04-18,AAPL,2025-05-16,175.00,Call,25.10,25.30,0.5027,0.8210,0.0093,-0.1396,0.1447,0.1083
2025-04-18,AAPL,2025-05-16,175.00,Put,2.75,2.86,0.4958,-0.1766,0.0094,-0.1192,0.1421,-0.0273
2025-04-18,AAPL,2025-05-16,180.00,Call,20.90,21.25,0.4824,0.7716,0.0113,-0.1543,0.1676,0.1038
2025-04-18,AAPL,2025-05-16,180.00,Put,3.65,3.75,0.4758,-0.2264,0.0114,-0.1322,0.1681,-0.0347
2025-04-18,AAPL,2025-05-16,185.00,Call,17.05,17.25,0.4577,0.7139,0.0134,-0.1628,0.1884,0.0979
2025-04-18,AAPL,2025-05-16,185.00,Put,4.80,4.95,0.4577,-0.2871,0.0135,-0.1431,0.1911,-0.0434
2025-04-18,AAPL,2025-05-16,190.00,Call,13.50,13.75,0.4390,0.6436,0.0153,-0.1693,0.2066,0.0897
2025-04-18,AAPL,2025-05-16,190.00,Put,6.20,6.40,0.4371,-0.3576,0.0155,-0.1486,0.2086,-0.0530
2025-04-18,AAPL,2025-05-16,195.00,Call,10.40,10.55,0.4215,0.5634,0.0168,-0.1701,0.2183,0.0797
2025-04-18,AAPL,2025-05-16,195.00,Put,8.05,8.25,0.4198,-0.4390,0.0171,-0.1493,0.2189,-0.0635
2025-04-18,AAPL,2025-05-16,200.00,Call,7.65,7.80,0.4039,0.4758,0.0177,-0.1635,0.2207,0.0682
2025-04-18,AAPL,2025-05-16,200.00,Put,10.25,10.50,0.4010,-0.5284,0.0182,-0.1419,0.2204,-0.0738
2025-04-18,AAPL,2025-05-16,205.00,Call,5.40,5.50,0.3870,0.3849,0.0178,-0.1488,0.2119,0.0558
2025-04-18,AAPL,2025-05-16,205.00,Put,13.00,13.20,0.3848,-0.6222,0.0182,-0.1277,0.2127,-0.0825
2025-04-18,AAPL,2025-05-16,210.00,Call,3.60,3.70,0.3732,0.2951,0.0166,-0.1293,0.1913,0.0432
2025-04-18,AAPL,2025-05-16,210.00,Put,16.15,16.35,0.3685,-0.7138,0.0172,-0.1075,0.1856,-0.0885
2025-04-18,AAPL,2025-05-16,215.00,Call,2.29,2.36,0.3601,0.2144,0.0146,-0.1046,0.1618,0.0316
2025-04-18,AAPL,2025-05-16,215.00,Put,19.85,20.15,0.3552,-0.8008,0.0152,-0.0812,0.1589,-0.0875
2025-04-18,AAPL,2025-05-16,220.00,Call,1.40,1.47,0.3527,0.1483,0.0118,-0.0812,0.1283,0.0220
2025-04-18,AAPL,2025-05-16,220.00,Put,23.90,24.50,0.3491,-0.8686,0.0124,-0.0580,0.1161,-0.0804
2025-04-18,AAPL,2025-05-16,225.00,Call,0.85,0.91,0.3495,0.0998,0.0090,-0.0607,0.0972,0.0149
2025-04-18,AAPL,2025-05-16,225.00,Put,28.35,28.75,0.3339,-0.9278,0.0094,-0.0333,0.0768,-0.0637
2025-04-18,AAPL,2025-05-16,230.00,Call,0.55,0.57,0.3522,0.0677,0.0067,-0.0455,0.0725,0.0101
2025-04-18,AAPL,2025-05-16,230.00,Put,33.00,33.75,0.3253,-0.9726,0.0068,-0.0122,0.0379,-0.0311
2025-04-18,AAPL,2025-05-16,235.00,Call,0.36,0.38,0.3585,0.0467,0.0049,-0.0344,0.0541,0.0070
2025-04-18,AAPL,2025-05-16,235.00,Put,37.85,38.65,0.3585,-0.9764,0.0057,-0.0121,0.0312,-0.0299
2025-04-18,AAPL,2025-06-20,160.00,Call,40.45,40.80,0.4920,0.8724,0.0051,-0.0802,0.1715,0.2296
2025-04-18,AAPL,2025-06-20,160.00,Put,2.62,2.68,0.4814,-0.1232,0.0051,-0.0605,0.1638,-0.0432
2025-04-18,AAPL,2025-06-20,165.00,Call,36.10,36.50,0.4752,0.8453,0.0060,-0.0868,0.1955,0.2278
2025-04-18,AAPL,2025-06-20,165.00,Put,3.20,3.30,0.4646,-0.1498,0.0061,-0.0666,0.2010,-0.0521
2025-04-18,AAPL,2025-06-20,170.00,Call,31.75,32.25,0.4539,0.8155,0.0071,-0.0918,0.2190,0.2251
2025-04-18,AAPL,2025-06-20,170.00,Put,3.95,4.15,0.4497,-0.1832,0.0072,-0.0729,0.2225,-0.0632
2025-04-18,AAPL,2025-06-20,175.00,Call,27.85,28.25,0.4420,0.7767,0.0081,-0.0985,0.2455,0.2186
2025-04-18,AAPL,2025-06-20,175.00,Put,4.90,5.00,0.4337,-0.2204,0.0083,-0.0781,0.2436,-0.0754
2025-04-18,AAPL,2025-06-20,180.00,Call,24.10,24.30,0.4248,0.7349,0.0093,-0.1022,0.2694,0.2111
2025-04-18,AAPL,2025-06-20,180.00,Put,6.00,6.20,0.4199,-0.2652,0.0095,-0.0830,0.2756,-0.0892
2025-04-18,AAPL,2025-06-20,185.00,Call,20.50,20.65,0.4119,0.6850,0.0104,-0.1066,0.2922,0.2001
2025-04-18,AAPL,2025-06-20,185.00,Put,7.30,7.50,0.4036,-0.3150,0.0108,-0.0856,0.2936,-0.1046
2025-04-18,AAPL,2025-06-20,190.00,Call,17.00,17.20,0.3946,0.6309,0.0115,-0.1075,0.3104,0.1876
2025-04-18,AAPL,2025-06-20,190.00,Put,8.90,9.05,0.3901,-0.3706,0.0119,-0.0874,0.3088,-0.1209
2025-04-18,AAPL,2025-06-20,195.00,Call,13.95,14.10,0.3807,0.5712,0.0125,-0.1066,0.3232,0.1725
2025-04-18,AAPL,2025-06-20,195.00,Put,10.80,11.00,0.3768,-0.4339,0.0129,-0.0865,0.3237,-0.1379
2025-04-18,AAPL,2025-06-20,200.00,Call,11.10,11.25,0.3669,0.5055,0.0131,-0.1039,0.3283,0.1547
2025-04-18,AAPL,2025-06-20,200.00,Put,13.00,13.15,0.3643,-0.5000,0.0136,-0.0838,0.3263,-0.1540
2025-04-18,AAPL,2025-06-20,205.00,Call,8.70,8.80,0.3545,0.4383,0.0134,-0.0982,0.3246,0.1359
2025-04-18,AAPL,2025-06-20,205.00,Put,15.45,15.80,0.3506,-0.5723,0.0141,-0.0774,0.3245,-0.1684
2025-04-18,AAPL,2025-06-20,210.00,Call,6.50,6.65,0.3413,0.3679,0.0134,-0.0900,0.3103,0.1153
2025-04-18,AAPL,2025-06-20,210.00,Put,18.40,18.65,0.3395,-0.6429,0.0140,-0.0697,0.3068,-0.1796
2025-04-18,AAPL,2025-06-20,215.00,Call,4.80,4.90,0.3308,0.3007,0.0127,-0.0801,0.2866,0.0952
2025-04-18,AAPL,2025-06-20,215.00,Put,21.60,22.25,0.3305,-0.7142,0.0134,-0.0596,0.2771,-0.1836
2025-04-18,AAPL,2025-06-20,220.00,Call,3.45,3.55,0.3219,0.2392,0.0116,-0.0690,0.2556,0.0764
2025-04-18,AAPL,2025-06-20,220.00,Put,25.35,26.15,0.3272,-0.7757,0.0124,-0.0502,0.2424,-0.1812
2025-04-18,AAPL,2025-06-20,225.00,Call,2.45,2.51,0.3156,0.1852,0.0102,-0.0579,0.2201,0.0595
2025-04-18,AAPL,2025-06-20,225.00,Put,29.40,30.00,0.3165,-0.8385,0.0112,-0.0375,0.2007,-0.1666
2025-04-18,AAPL,2025-06-20,230.00,Call,1.68,1.75,0.3106,0.1393,0.0086,-0.0471,0.1826,0.0450
2025-04-18,AAPL,2025-06-20,230.00,Put,33.65,34.55,0.3152,-0.8854,0.0097,-0.0278,0.1619,-0.1452
2025-04-18,AAPL,2025-06-20,235.00,Call,1.16,1.23,0.3082,0.1039,0.0071,-0.0379,0.1486,0.0337
2025-04-18,AAPL,2025-06-20,235.00,Put,38.20,39.25,0.3166,-0.9223,0.0084,-0.0198,0.1173,-0.1170